{
    "pi": 3.141592653589793,
    "e": 2.718281828459045,
    "phi": 1.618033988749895,
    "sqrt2": 1.4142135623730951,
    "sqrt3": 1.7320508075688772,
    "ln2": 0.6931471805599453,
    "ln10": 2.302585092994046,
    "deg": 57.29577951308232,
    "rad": 0.017453292519943295,
    "c": 299792458,
    "G": 6.67430e-11,
    "h": 6.62607015e-34,
    "R": 8.314462618
}